timestep,temperature
1,0.18342103250324726
2,0.326671976596117
3,0.17242315132170916
4,0.5023001823574305
5,0.5578771121799946
6,0.26554333604872227
7,0.18573650903999805
8,0.18089439906179905
9,0.2777427416294813
10,0.9256946109235287
11,0.28951662965118885
12,0.14928023889660835
13,0.5203399565070868
14,0.2422704789787531
15,0.07993731647729874
16,0.08739454951137304
17,0.21251733787357807
18,0.19391507469117641
